fold,participant,windows,mae,rmse,corr
1,003df5deff30e1e5a07b5d063fe85c3f,5,2.10454240023867,2.238723439350503,0.8929735140057713
2,0107c61e54459068bb83f6be2058d65d,10,4.861674964576754,5.771154532270168,0.5631198085373577
3,031cf9537e5da78c5a69a10cba088c94,4,4.40713830742169,4.767259941705068,0.7599524306760848
4,03a0ce5623bfeb8aa3113605f7682215,4,3.8505335857987277,4.35892302015529,0.31524789754070137
5,07eab8e219b6a4dcd45167dc216e1189,2,3.4044460579379576,3.735426092492591,1.0
6,0947cdc8e87a0a45a012aa387ccedbcd,10,3.063001873225302,3.594804522982736,0.8122638211131789
7,0ab7acb36e6c710a7733c1c24e566bb3,13,4.28441573550457,5.402640638906894,0.28962390343487604
8,0aee9faa6f2d2d24d85d2690f5b2df25,4,2.759537383511719,3.736146331567974,0.8806287177123595
9,0b9c2303bcc61063f9a5653d77c90501,1,0.8699314318907394,0.8699314318907394,nan
10,0ba15aa0582c5e825710d42fe3eb231d,18,4.098394133484147,4.967858980490574,0.34773922841212135
11,0f2be96bde481cd3898f147a995a7d56,3,5.109999278742337,6.155988110586896,0.79712544330168
12,0f727c1018c74fbb7142e8c7a77840d6,8,3.335925264175931,3.8830941316048895,0.530196699050711
13,107c06248d28377b345ae06e5bda10c1,4,3.2899492166666224,4.378563985682393,-0.4914823128509743
14,12e0a85ee9819ae1abeca0ccfaa52d13,4,5.489880548231642,5.578626312445145,0.9794514199421813
15,12f90c19f2c2b74ec542b62e74e7cad1,16,5.377877679625161,7.146331950507184,0.3256726711393408
16,13789d5f8a59f1e347e42b99233530d6,10,3.1507683329668468,4.446253821329282,0.5422290300156684
17,1618e7f7049efc1a0fbe48af6fda8e57,11,4.2487884673569765,5.387415617882439,0.08603628262613289
18,165970c3847523de7691ef9766b0f3f4,5,4.0012540189761,5.11941303546703,0.791296707428033
19,169d3212668c4eed434dafd32e33c946,17,3.9266843240873395,4.51773431080532,0.6519842203933507
20,1741432fb469dbbcd5a40599670c64ce,6,2.904830151290158,3.7030845822632306,0.91288877750584
21,17fb1517cc9d7e416782bffb8edd9070,4,3.7155607988972243,4.12810970905265,0.3913260048619612
22,1893420fc2b045e14ef0112c1b079afe,3,3.943730727849388,5.11983834839889,-0.515495270963798
23,1c12f39481a6c09da17bd4e6bebed9a2,1,3.8908983137666806,3.8908983137666806,nan
24,1d0fa4dfa0545bedeaa6045c70b6d19c,9,4.275914212732737,4.932696736867713,0.796374213662232
25,1d2263527eed2a54e88d340fb8e55308,20,1.169306478719108,2.0581364426321174,0.3022249851421441
26,1df93e607e693903c6fce6054a0a67c5,8,4.277453520068356,4.766666104013879,0.6403054515981575
27,1e85c892d8f047ff621ad9134c4e6d8d,7,3.21918923563281,3.8870392662490283,0.8935660396219302
28,1ff6d7f34acb354430e7323a35ff7703,4,3.4811767445700115,3.5709981585545516,0.5114849679838067
29,1fff60a0795f79ab1f9432d2cb1f56ee,7,4.716964945500649,5.324833275053082,0.6533657214590524
30,20b8c420e5a7abcb07f11aab23e42923,3,6.383909188536425,7.345682580987957,-0.7336037385891369
31,212521733ea8eeff63d997dc0213c692,14,2.8070618222110952,3.3485492010522404,0.7680255596634096
32,23d00aa2ae3eb2c224734960f2391885,12,3.278711092926541,3.7618256344620558,0.6528024164183204
33,284784fd7319c4e33b0bf1dc90c1a610,8,2.568248575992807,2.7679046218138725,0.9095209530159152
34,2b3d267f18830c3c257b382edabef246,21,3.4242975823788155,4.065820157471325,0.6133738066516484
35,2c4f43b2212eee5ba69563f139911138,4,3.371500965703036,3.994630631869048,0.977345988812005
36,2cc3f6274987ee627ab9be37181536eb,18,4.7767784250011225,7.312894494032849,0.43901031761736636
37,2d06da49889845dc3af964bafb630b0a,5,6.047517402422569,6.438148580772439,0.7021976954933175
38,2d5d41b5e9a9a5bb7007264230e4c575,5,6.161208127543619,6.832608709809103,-0.04270717015709467
39,2de8db6af975b72ac70440ede29e1cfb,5,6.2087686307666745,6.854301350811642,0.6091617360075572
40,2f706716305bceab3969e0f457da16b4,7,4.476894560344612,5.2131311874792345,0.5127931523131285
41,30b497738f121ad199afb509889f6cfe,6,1.9832448519754322,2.764784951344427,0.7567390390689467
42,34ed21e64b190dc037d35ef7f646feb8,7,3.6763763065299035,4.338799975580372,0.4059463659937286
43,3528757eaf1d15ee6c778eb79cd02de7,8,3.631233479967671,4.078829311675618,0.6440749602153791
44,3569e2f520db9014b4acc4227a6421c1,18,3.870834560571218,4.449580182246269,0.4067305876028958
45,35cf1abf179310dc33907d953f590366,21,3.2249352504071216,3.754373088975561,0.6056216115313116
46,3bb377ba0acb7d8916010184df36aa57,12,2.795107240819123,3.2318707847053174,0.6051370273104396
47,3d1a8b919f65dd22f661468f79b9b107,2,1.4499561960707088,1.7323970987976867,-0.9999999999999999
48,3dad5f11680b432159b65838119ab87e,7,1.3544330746978155,2.2537929418958202,0.801853276131817
49,3e7ca3545ad22d036db36c4f1e9f2e18,6,5.834977914080077,6.046885729658772,0.92587948180458
50,4005a296ac7cd078b8bd56f0b905b7a6,7,3.4074310891960002,4.513874363902248,0.3315852511308393
51,422875809be551a4ec179466aa8300ba,13,2.77627229954457,3.474217932685311,0.5992572829573347
52,429cf5f822600da91a6f4227c0af86c6,4,7.134157299821693,8.307380826207051,0.9872608916335852
53,45555d3305e255895b11695c179a98cd,3,1.7581280746915422,2.1499978568099194,0.9604503856139446
54,46562035189535f838d640973dbb222e,27,3.512679595664798,4.135467451116994,0.5437369545213677
55,46b53cdf4d639d54e894d92b6dff817f,50,3.671152160423135,4.567316645241682,0.591539740124158
56,46f1dfeda71a865074859c81bb314fd9,1,5.236759657351831,5.236759657351831,nan
57,480fca3c0b19afab1093cf2f01d63317,8,4.195811980602002,4.437325878820357,0.904079656780241
58,4a8ac645226348425b0a43a8373e394d,4,5.2136990089392565,5.728614273915523,0.6605494596332138
59,4b5eb55e64b6bc941796bf114149cab7,7,2.722215541701786,3.3963768076789522,0.7328982704503612
60,4e37495c9c7c8a17e8737e2c61cfe228,3,3.032350235783603,4.284872646254604,-0.985580985110016
61,4eeb9f06b3ff630aa8f81fd23e1dfe7b,11,3.30030192337,3.864476261882562,0.6912777514068201
62,50e32d5c464c892af7aa4b6a666e876d,7,5.373760115695397,5.810941181570667,0.3705289209512635
63,51ac1dd0849798d75614176ebff633be,4,2.594540076208597,3.1446891230476672,0.3445383268550877
64,54446e36f4601e2c4ab70c355baccc32,4,3.546934131849901,3.8947812690392083,0.7455247925792298
65,546901e10be0157c4fed40c04bfeaaa5,5,4.489367895000042,4.941380359453172,-0.187121062797904
66,557b44c8daf2ddb5d02313f20f2505b9,6,3.462669665885317,3.583663010155848,0.5466120188497731
67,5580eba4ad4d1266854f3fec95266bd2,10,3.7435274493506143,5.04484503614118,0.08132919635824713
68,58863d024fc04ff1c3082e2c81e14cf2,7,1.9868592593979837,2.336856141170699,0.9558165198828971
69,59256b077a34f2f4ed7bbf7670e53786,1,5.43032825837171,5.43032825837171,nan
70,596df3c263e97eb09d44a8535ec20ffa,1,2.968688236201512,2.968688236201512,nan
71,59cf760cd019690c9007452187578915,6,3.6301134492370988,3.902733833725953,0.9315668282681824
72,5a254d648a95146b403690f81da84bc3,4,0.8404753222866668,0.8419490926627743,0.9290955234106361
73,5c446b55e04c641913c09fd39d01d32b,15,3.257844204265283,3.713736555925328,0.7600505150284559
74,5e1d4d2718012c036ea65bfe3c80c0e7,17,3.5511657585146614,4.412164127509373,0.5464135787141903
75,5e8e425fb65143d25c73b88bd26638eb,1,3.845260089978857,3.845260089978857,nan
76,5fa34bfca33d0ced12ea991006fbc934,4,2.2684994882416016,2.861929803676104,0.8309757319023867
77,600713d94c8ebe9f12f7d12c6479a131,57,2.314302158240588,2.971917095318259,0.7349489281227791
78,61f9310e79c30ff4ff836fa065aee93a,16,2.6290443852715812,3.1400020139253684,0.7797975287676869
79,6294895f1093b3878b385812d65c3197,2,2.8373076072825656,3.0491011185345633,1.0
80,62caae288910745b5eb9dde5a9873179,9,3.1929735047829073,4.034799091919085,0.4589673802644748
81,62e43e3420646eaa7ecb44636abda31a,13,4.386831457169188,4.9198368519889,0.5860641555343962
82,632503a1df16a201a0fc5a1b91d3b01c,9,3.891491695063607,5.1284372406942715,0.5003789131349579
83,63e8142ef2fdd89aec0630ce6070831d,9,3.1197769872101366,3.5272796842882466,0.810145426912389
84,64f2d26b3835e5fa744c35f1709e9c39,3,2.7616513457883016,3.23670069462967,-0.03712100655122888
85,6683f5d8f1730b0fce6c1fd8b46ab76f,8,3.295051900893295,4.383388374695003,0.7713493378096244
86,690d25f3b083e647278ed85c6bb033ae,6,2.223450648349103,2.6164117739792565,0.7970331373424794
87,69d24b22972459bf83ab0c8eb24d13cc,1,0.36447121699795915,0.36447121699795915,nan
88,6b0083d00297f9c03e00b2cde889b666,5,3.9505675548219776,5.763191880844992,0.37059596161653463
89,6b22ac2851e90cebdb6bcc50288e031c,28,3.415483710725039,4.093590366402471,0.6861812293775469
90,6b4ad83b4ee50566e899f3b6c0fb7864,4,3.577897159177834,4.243970034005577,0.9550293191061968
91,6c4cf48742a55153dd574133a73a6932,15,4.316899908160945,4.958932386226151,0.748830207503351
92,6ed487d275984c8c141d40ad10664f46,12,3.7641621433138366,4.418651053931559,0.5628063503537041
93,703c70ff9f0c7a8e24757d0270a2e932,2,5.844402704482161,6.091783229984591,-1.0
94,713a6a94988cc13bf0bb50ad0cb0a015,3,5.196074022915895,5.555980291008018,0.31287800790272874
95,73e13f8273906f7f43a077f95ec48e7d,21,4.328080436766203,4.777189119814201,0.5329829470823976
96,76b564dca3ab4d899e5a30d3cbcb0aac,4,1.9868229046627086,2.3946585658601296,0.6835673698217357
97,791c580346256bca5c697d19170a50b5,11,2.4295161693062415,3.170439592216141,0.5398319474442645
98,79d8490ab94fc7cd6530b1f22593d708,7,3.9430222599968863,4.566174339486805,0.9382670718417119
99,7a5f7cc91bafe10c9708342bb197ea58,15,2.740406492644762,3.8679919423646325,0.587822587589129
100,7d2c632a05bbb03ca97555d61be83c41,27,3.7561346002952622,4.481174473614307,0.3249697395453429
101,7d41e1ac6994aa87a10a923b31b16cd8,3,0.9607230183587512,1.0801490564650666,0.9986866825613173
102,7dcfc929e033d32b768ff4b51bd6a748,10,4.405923042489073,5.161080405596926,0.8210780348351135
103,7e22b6d9cb821d7004409da02d95cb64,5,2.573566275230987,3.2121024568259844,0.1543673014668732
104,800994037be85bdfd6b3e43be70d02b3,8,4.590842174489955,5.490410775212367,0.8160968045960841
105,8391d8b451084771d0affcc26e34d773,9,3.634587313087129,4.1549143783399,0.8285543856778593
106,83a37a7ffd416a2e0a863c86166a97c8,7,2.2860564272951898,3.9232192806901605,0.7983861758039432
107,83e4705b8ead02d2659f4d4241183e17,31,3.276493527884401,4.0160588715759955,0.5147882270596981
108,84120765740b5395aa49a2feb12fbb43,22,4.044608117698815,4.95407262476304,0.6483207286162821
109,84875d7ec9c81d58d687aa4805c35c77,8,4.214348748166143,5.2702065686051975,0.623485571727558
110,8617ddac1f48b148e3683738519b2e7a,5,3.768652775165408,4.809226765678768,0.6189725186209959
111,862f10a8c357e957a59d122077b3a5ad,30,2.0248901439436553,2.589494028410217,0.2502513337063559
112,86a13f6d0bb7070ca042d60b2a582c4c,11,4.110555618966172,5.264348444324786,0.7780357832292638
113,8730e74690f38a87355bf45b00fc220e,9,4.784555209400249,5.3379870859122915,0.34608177414797486
114,87d88cba80cd67d705f61405fbe40da9,19,4.046213226666616,4.553375468190366,0.686533732419478
115,8c0c301d93ca93cae5c090caf21816ec,18,2.8725919239927773,3.5284718389273695,0.8936126679044535
116,8c644d8cbd193c5575bb826a8abaa245,4,5.531088293284822,5.658998141112555,0.5365298869175102
117,8c8ee0b0491acee56e6346c2af5c6cf4,13,4.106580393445948,5.063345089857839,0.7936784065386562
118,8ccf6026d9114437e881d73faa34ea51,9,4.6996979877954805,5.33192214537367,0.4055807843253989
119,8e12cde03a0eaf1a9c41596a81a1cf59,5,3.3173122265964716,3.6944120531889526,0.4134238818379169
120,8ee53a46a77476104276e6a1af54472c,12,3.953188550606599,4.302325315013773,0.5038027562237868
121,8ee7d10d8b836222ee69ff04247971a4,1,0.9348000219551649,0.9348000219551649,nan
122,8feafc5db9bf59d00a21335e69b57804,11,3.284239082854579,3.5433090983578355,0.6534301258667756
123,920e275acd8721dad396513f4d7c99ea,35,3.766937856443213,4.39775629241494,0.7450588886056383
124,964412e1937376da4b5a70412a600bc9,7,2.746079519339839,3.161838250768755,0.7713793918800381
125,968356427b2638af0930896c8d4a48d5,4,1.4893169284319843,2.4244058451838297,0.7055945225677412
126,96cf40f9d3b2d69466161000cd69ae5c,10,1.0236821072151663,1.1587519848646148,0.9309628545367566
127,97487f1632fbab90426f6760a0fe94ea,11,3.067653796479978,5.006791019324918,0.7305296124972708
128,98e5152e1020930fb007145c1c60648b,8,2.409732403792845,2.8905609128746756,0.8932571166572143
129,993b20b5d910d05b5d79e0de71386a49,6,2.28263032937615,2.509340788974214,0.7371007168266372
130,9a67ed145c6e7be55b1f744897316f71,1,4.929718083067784,4.929718083067784,nan
131,9e9e21ee5dbdb37ffda3225cd0403d34,2,5.304132546482856,5.372854823707739,0.9999999999999999
132,a23be0935798553a76b4e74cfc1740f1,19,3.1446258999101655,3.9339991396515033,0.5222370530190014
133,a2949761d01e0f82cdbcc71231431959,20,3.900268215189636,4.6420504244670955,0.49976151676022645
134,a4dde9659b38b613f08b37c0c8bfa9eb,8,2.4435372813520733,2.9946625419450696,0.4984157510432596
135,a4fcfc9e92d6861285d6c5979d2fd54b,21,2.4591392391289015,2.7102851806847323,0.726350855806371
136,a52b5e80b4c7a8e05f8cc0a16ae4ea9f,2,2.641710391669407,3.1852789053851973,1.0
137,a6c1b8b62cc50f9022f018b5198648a0,8,4.570384900599656,5.128704258295411,0.31769202026147564
138,a7a320d21e232075512a494c982dc17f,9,3.786202210515324,3.955298806815658,0.12072127895005508
139,a7cb6ba9ef6b3878a4284b0d63afecd7,41,2.4403664769707936,3.3306741809789138,0.6421240603961081
140,aa77ecb82c267ad01e9899413f072025,6,5.08521419129156,5.475312281132271,0.5702902758779099
141,ab5ee451ce580a761fefd88f7b49a97f,2,1.6058441665191139,1.6112819943940875,1.0
142,ac02afb2367b89fdcab1b1245e195b27,2,1.9278846745355809,1.9800117778396376,1.0
143,ac23ab17a31d1abeea72e408ac5871c1,6,3.9442745287150527,4.920430719170802,0.9026210696521978
144,ac70fe1f8115ac361f2023269c011c3e,18,3.046844439876771,3.223867819040479,0.6805088527223153
145,aeeb186fafcc356f44cae870555f4a0d,22,3.3848072634989297,4.031677872793285,0.5804740435870657
146,b17eeda399b312140dc40b8445a8e0a5,4,2.842838197233883,3.584465187722775,0.5237304038380389
147,b1fed5ab5fbd8a1b2fd93b925849a11c,15,4.75242510257046,5.645324735553261,0.5821403042847768
148,b3db52ffec3adfc49eb061af2f2f2846,6,4.394559510099574,4.539445926345243,0.4555898059741273
149,b4d5a392109a5d0a0e6da33189e63511,1,1.5555093407726566,1.5555093407726566,nan
150,b5dea997cb5e8f17d428c5047a9a1c08,11,2.297853752625144,2.9224253927839565,0.8515855193393765
151,b855dfddb71e240c1990b539533cd1f6,9,3.23323233744774,4.130547735277861,0.7596375089899151
152,bbcad50219ee8a1484b4c6f000eb4e68,9,4.4631034920858745,5.08805513928572,0.7120089762291113
153,bc3ae668f5930dcab54b63a9cfd0896d,10,4.0724984764437435,5.113177837048636,0.442647498259159
154,bd441b322153093e69f107a36a9b15d6,6,4.282960380439182,4.579037437281133,0.8037163252309127
155,bd6de07de02a8c2e98018a1c7daecc87,26,2.9619367225677253,3.451917122541504,0.6251980443467657
156,bdefb86f43d463ae4475291ec837f7d7,12,4.304848959447604,4.7422135337390765,0.755680173630983
157,bea4c7250c8631ddfacf57dfa386caba,18,4.847241603116282,5.40740910656345,0.8146123183513375
158,c0fec81b63a711ebc1c29a5df6e21b07,16,3.39628707775287,4.256045231048527,0.7371615073469842
159,c21283c11daebb61004b688f04c27715,7,3.1356457261402726,3.6217574845265847,0.6110945749947365
160,c21d2515be8477a92181b9c0035a9884,6,2.429886375612662,3.2014909531140994,0.8542432260142861
161,c2d80f95e15e8973a9a943564baea1b7,18,3.177576122550372,3.8705185889816485,0.8316057905019606
162,c31fd374e5d8227a31bf8f06f0402b96,10,3.8818480421287402,4.354443762376208,0.5709530628004564
163,c37f9221f44e9ca35a49180dc05a7587,16,3.476876474994807,4.47273623015808,0.7205123286714827
164,c4de76cb7f30c4073617bfb80fabaec6,6,1.6959518982406372,1.984763370763164,0.8784912314062698
165,c703d4732f997328085fad609ecd6656,6,3.4390174800367155,4.258385869698036,0.6934786648252781
166,c75fc80fba7cbe2b7d9cbc71be5b91a6,1,2.1315977643996797,2.1315977643996797,nan
167,c7d47e96f38254e31508ca2c19b24d29,3,3.455981668786297,3.970254015343367,0.9969221733299531
168,c98557ba920872193b0d6d8d90ac2eb0,5,4.261640994293473,5.264025139841549,0.7932331527076368
169,cf007be9a060b779cf5a71b3e59a9d5b,8,2.7944383513489415,3.285133814593404,0.782503585411284
170,d038cb570b5de5840c0677e72d2ba198,10,5.339633469116178,6.147696127578939,0.5830796294943366
171,d060bfe5da35b9cbd05e3dc33e167092,2,1.8126794125310262,1.8924282841400215,-0.9999999999999999
172,d1075cae00d6198eb840ad42a2df742c,9,3.9509451431090747,4.718635482109051,0.5960847375775556
173,d1cd5ab675681cd980ee4dd212d8c53c,3,4.175878369539239,5.021846629149239,0.7158714697615647
174,d2c8a48736cfe925440115558db860ee,11,3.2303095363031002,3.8378389055615356,0.6406508597161186
175,d86f28a1830ecec98f00cd0fddf8b1ef,15,2.1018863790016438,2.6482604774995715,0.9432951970521551
176,da130c5ecc942e7cd705585222a42adf,4,2.4659567177146444,3.3289462517336705,0.8375271941194499
177,db422d4921bbfae5352fdc90cea7bd07,3,5.073671239370008,5.206914932497817,0.6409532841787755
178,db8df8be53722b041b1e649ae0c0b5d4,2,1.5456787202155253,1.607580550420989,1.0
179,dd2ab53554046244203dfb4a72ad4e18,2,7.6393358548539245,8.128492824609742,1.0
180,dfba04a156c13a94753a56bbbdd58969,5,3.781273911908238,4.251136956244396,0.6460038988109584
181,e06024d216d36ef2d7cddc8a67cf77a7,6,4.161060259491626,4.381073613404045,0.701476082535012
182,e1b0f11a76278ee3f33e48e2d81b50d0,8,3.122779289292776,3.9956108627619766,0.742802174465525
183,e3d27e46b8e06963920efb69f95df6fc,7,5.019803860873384,5.131993506717139,0.7319929480690077
184,e535002d3f0d00b98ff8a34754d6472b,10,4.938100772626376,5.766435891925475,0.5693597408468133
185,e60e86c5e68c34e34f69aa9257eb977b,15,1.6612142116239752,2.0856535459631633,0.5269436266589655
186,e8811b53add5bfb32640af600ba33399,4,4.612987778770816,5.299461212728589,-0.014853649242017028
187,e946e1f85b5de2dba4edcf1aebbfdc0a,2,2.451412819047469,3.137117948113158,1.0
188,eb5b94ef4672c2971d18f0d95d51f892,6,3.4848594365995047,4.720366569641879,0.7567014351078842
189,f066d6d9013a60a4b65eda0f2518f61a,5,2.8043215391469176,3.6450284487176363,0.573219840670696
190,f0db9e3e8b9b5080e5752383cceb34f6,8,3.53532769460029,3.9722403899100254,0.3510745506452042
191,f17129feb37d5dcec17728f50d7beb95,6,5.222852449835158,6.263421960689617,0.9621122082229846
192,f1dcebbb6fbe6d586ddb2c43c781e013,4,3.8409616654375354,5.009204033129672,0.514588753883689
193,f3e1995993cccfe83056a8deb2e315ff,14,3.838106694251676,4.388755013392974,0.797101963815335
194,f40ed30e72159a5c839a43fe97e0c905,18,3.0268948525018047,3.516929004486988,0.7175728476278099
195,f4d488e3c8096842b645280d8f01ae43,26,3.642653378255837,4.271702630010744,0.738969872271883
196,f5529fbae87a8d170937d3e39d5a63cc,11,3.8175225547769203,4.372698023788033,0.5428265797731592
197,f578948fdf09c92bc603dae7400b6673,6,3.6886906422590733,4.138441000542219,0.6734811617855363
198,f5fa7e56d2303d8b1e3bb33d367c98c5,5,2.0556226763756604,2.604547405605221,0.859624429107574
199,f663e0d08f34a40d5930a3298bc8e98e,5,2.535311498889749,2.6551422084100245,0.4362142341142008
200,f7472689b3556548c03d3b064d6ab9a8,2,5.882815345731059,6.816966772777491,-1.0
201,fa394f6d3d077bd5568fc3bc01580806,4,6.182277842260614,7.294331004978088,0.8248944880429846
202,fbcc8cd8254960ed44ffdd3390a2f6a0,1,3.403293426825028,3.403293426825028,nan
203,fc26652471ae91bdbbc11a8be89c362c,30,3.793264389777872,4.398888313778532,0.6339588632934771
204,fc73375dda5e5460f7088c78654a945e,13,2.9566483031222077,3.7174220819290107,0.5350621773923968
205,fe8ddda4ae8c71f7054ca024b82f5c98,6,3.2845637767757534,3.420053439191518,-0.3801934185583121
206,ffc4b142e017c162ed4db7b05414fc4b,23,4.238035291264694,4.738170796032016,0.5015511056052782
